Time,Source_IP,Destination_IP,Protocol,Source_Port,Destination_Port,Packet_Size,Service,TTL,Flags
08:00:00.063,10.0.0.6,31.13.72.36,ICMP,0,0,45,ICMP-PING,64,---
08:00:01.500,10.0.0.3,172.217.14.206,UDP,16347,123,54,NTP,128,---
08:00:01.258,192.168.1.5,10.0.0.1,TCP,13571,27017,1048,MongoDB,128,---
08:00:01.351,192.168.1.14,8.8.4.4,TCP,8879,3389,646,RDP,255,FIN
08:00:02.972,192.168.1.19,185.60.216.35,TCP,60352,25,2395,SMTP,64,---
08:00:02.196,192.168.1.6,52.86.249.20,TCP,29275,8080,359,HTTP-Alt,128,ACK
08:00:02.368,192.168.1.17,8.8.4.4,UDP,41652,123,56,NTP,128,---
08:00:03.675,10.0.0.8,192.168.1.11,ICMP,0,0,46,ICMP-PING,32,---
08:00:03.128,192.168.1.18,1.1.1.1,UDP,8955,53,128,DNS,255,---
08:00:04.417,10.0.0.5,192.168.1.17,ICMP,0,0,73,ICMP-PING,64,---
08:00:04.367,192.168.1.19,104.244.42.65,TCP,25335,21,537,FTP,32,ACK
08:00:04.618,10.0.0.5,192.168.1.4,TCP,50547,8080,87,HTTP-Alt,64,PSH-ACK
08:00:05.101,192.168.1.14,140.82.112.4,TCP,7154,3389,429,RDP,255,ACK
08:00:05.451,10.0.0.8,192.168.1.10,UDP,29506,514,1350,SYSLOG,255,---
08:00:05.525,192.168.1.11,52.86.249.20,TCP,6655,22,349,SSH,64,FIN
08:00:05.517,192.168.1.2,31.13.72.36,UDP,61640,123,59,NTP,32,---
08:00:05.963,10.0.0.6,192.168.1.12,UDP,64908,636,452,LDAPS,64,---
08:00:05.589,192.168.1.7,52.86.249.20,UDP,29581,123,63,NTP,255,---
08:00:06.859,192.168.1.10,151.101.1.140,TCP,2433,3306,772,MySQL,128,RST
08:00:06.042,192.168.1.12,140.82.112.4,TCP,4015,6379,1270,Redis,64,FIN
08:00:07.368,10.0.0.9,13.107.42.14,TCP,10802,21,505,FTP,128,SYN
08:00:07.737,10.0.0.4,1.0.0.1,TCP,59329,25,1937,SMTP,128,FIN
08:00:08.489,192.168.1.15,216.58.214.46,TCP,23323,80,356,HTTP,64,ACK
08:00:08.950,192.168.1.10,1.1.1.1,UDP,22178,123,65,NTP,32,---
08:00:08.713,192.168.1.16,8.8.4.4,TCP,12645,21,351,FTP,32,ACK
08:00:08.821,10.0.0.7,185.60.216.35,TCP,36951,3389,1468,RDP,64,ACK
08:00:09.665,192.168.1.9,172.217.14.206,TCP,12239,22,367,SSH,128,---
08:00:09.517,10.0.0.6,10.0.0.6,TCP,19502,3000,435,Dev-Server,128,PSH-ACK
08:00:10.758,10.0.0.2,216.58.214.46,TCP,19375,22,557,SSH,128,ACK
08:00:10.907,192.168.1.5,23.185.0.1,TCP,42027,21,253,FTP,64,ACK
08:00:10.500,192.168.1.2,216.58.214.46,TCP,19926,80,994,HTTP,32,SYN-ACK
08:00:11.776,192.168.1.5,140.82.112.4,UDP,40400,53,123,DNS,255,---
08:00:11.043,192.168.1.18,52.86.249.20,TCP,17842,3389,408,RDP,64,SYN
08:00:12.374,10.0.0.4,13.107.42.14,TCP,18330,22,730,SSH,32,ACK
08:00:13.300,10.0.0.6,192.168.1.6,UDP,2338,119,726,NNTP,255,---
08:00:13.430,10.0.0.9,104.244.42.65,TCP,9533,3306,1305,MySQL,128,ACK
08:00:14.025,10.0.0.7,104.244.42.65,TCP,32174,3389,1319,RDP,255,---
08:00:14.334,10.0.0.3,192.229.221.95,TCP,58536,8080,648,HTTP-Alt,255,FIN
08:00:15.813,10.0.0.8,8.8.8.8,TCP,26017,3389,1490,RDP,128,SYN-ACK
08:00:15.347,10.0.0.5,104.244.42.65,TCP,10608,80,1487,HTTP,64,FIN
08:00:15.658,192.168.1.6,151.101.1.140,TCP,57340,21,737,FTP,32,SYN
08:00:16.340,192.168.1.16,151.101.1.140,UDP,8235,53,118,DNS,255,---
08:00:17.472,192.168.1.8,104.244.42.65,UDP,31786,53,65,DNS,128,---
08:00:17.237,192.168.1.4,8.8.8.8,TCP,44616,139,819,NetBIOS,255,FIN
08:00:18.745,192.168.1.7,8.8.4.4,TCP,3673,21,791,FTP,128,RST
08:00:18.897,192.168.1.2,10.0.0.8,UDP,33453,138,427,NetBIOS,32,---
08:00:18.388,192.168.1.13,1.0.0.1,TCP,42228,22,587,SSH,255,SYN
08:00:19.293,192.168.1.3,104.244.42.65,TCP,39397,3306,351,MySQL,128,SYN-ACK
08:00:20.159,192.168.1.11,192.229.221.95,TCP,20379,22,457,SSH,128,SYN-ACK
08:00:20.116,10.0.0.6,52.86.249.20,TCP,18534,443,1385,HTTPS,128,FIN
08:00:21.597,10.0.0.6,192.168.1.12,UDP,24772,8443,353,HTTPS-Alt,32,---
08:00:21.504,10.0.0.1,192.168.1.19,TCP,49581,123,480,NTP,64,SYN
08:00:22.033,10.0.0.1,13.107.42.14,TCP,16546,443,1441,HTTPS,64,PSH-ACK
08:00:22.836,192.168.1.3,1.1.1.1,TCP,9604,21,453,FTP,64,---
08:00:23.522,192.168.1.16,151.101.1.140,TCP,3826,3306,1561,MySQL,128,SYN-ACK
08:00:23.667,192.168.1.3,172.217.14.206,TCP,47907,80,282,HTTP,64,SYN
08:00:23.361,192.168.1.5,1.0.0.1,TCP,17694,3389,689,RDP,64,SYN
08:00:24.864,10.0.0.5,8.8.4.4,UDP,3664,123,55,NTP,64,---
08:00:24.979,10.0.0.7,10.0.0.4,TCP,63278,1521,707,Oracle,32,FIN
08:00:24.463,192.168.1.10,10.0.0.3,TCP,2246,5900,478,VNC,64,PSH-ACK
08:00:24.105,10.0.0.8,13.107.42.14,UDP,21602,123,63,NTP,32,---
08:00:25.480,10.0.0.1,13.107.42.14,UDP,31899,53,124,DNS,64,---
08:00:25.419,192.168.1.5,23.185.0.1,TCP,59603,3306,746,MySQL,128,PSH-ACK
08:00:25.218,192.168.1.9,8.8.8.8,TCP,54616,8080,352,HTTP-Alt,32,SYN-ACK
08:00:25.021,10.0.0.9,216.58.214.46,TCP,1274,80,487,HTTP,255,RST
08:00:26.362,192.168.1.6,1.1.1.1,TCP,17487,443,1402,HTTPS,32,PSH-ACK
08:00:26.764,192.168.1.15,216.58.214.46,TCP,30850,80,688,HTTP,128,RST
08:00:26.370,10.0.0.3,23.185.0.1,TCP,38568,21,375,FTP,255,---
08:00:26.554,192.168.1.15,8.8.8.8,TCP,6349,3389,540,RDP,255,SYN-ACK
08:00:26.621,192.168.1.17,13.107.42.14,TCP,7981,25,2375,SMTP,255,FIN
08:00:27.290,10.0.0.5,192.168.1.19,ICMP,0,0,84,ICMP-PING,128,---
08:00:27.638,192.168.1.9,185.60.216.35,TCP,28476,25,1881,SMTP,32,SYN-ACK
08:00:28.720,10.0.0.1,1.1.1.1,TCP,50059,443,1000,HTTPS,32,ACK
08:00:28.275,10.0.0.7,172.217.14.206,TCP,37724,443,1293,HTTPS,32,FIN
08:00:28.679,192.168.1.8,13.107.42.14,TCP,56280,3306,1827,MySQL,32,RST
08:00:29.942,192.168.1.9,172.217.14.206,TCP,51338,25,1848,SMTP,255,ACK
08:00:29.925,192.168.1.7,216.58.214.46,TCP,64455,3306,1228,MySQL,64,---
08:00:29.185,192.168.1.8,140.82.112.4,TCP,62731,1194,1032,OpenVPN,32,SYN
08:00:29.715,10.0.0.1,52.86.249.20,TCP,59128,22,344,SSH,32,RST
08:00:30.134,10.0.0.6,192.168.1.16,TCP,30841,993,307,IMAPS,255,---
08:00:30.914,192.168.1.12,1.1.1.1,UDP,39942,3389,1402,RDP,64,---
08:00:30.319,10.0.0.6,192.168.1.11,UDP,19460,162,113,SNMP,64,---
08:00:31.081,10.0.0.3,216.58.214.46,UDP,27120,123,56,NTP,64,---
08:00:31.840,192.168.1.8,52.86.249.20,TCP,41658,8080,793,HTTP-Alt,32,SYN-ACK
08:00:31.840,192.168.1.18,1.0.0.1,TCP,46047,21,266,FTP,32,RST
08:00:32.021,10.0.0.7,192.168.1.11,UDP,50830,514,804,SYSLOG,64,---
08:00:32.667,192.168.1.18,31.13.72.36,UDP,26396,53,166,DNS,128,---
08:00:33.369,10.0.0.6,104.244.42.65,TCP,3692,3389,1473,RDP,255,RST
08:00:33.255,10.0.0.4,23.185.0.1,TCP,23698,3306,620,MySQL,128,RST
08:00:33.265,192.168.1.8,1.1.1.1,TCP,31923,3389,562,RDP,32,ACK
08:00:34.904,192.168.1.18,216.58.214.46,TCP,8968,443,1087,HTTPS,32,PSH-ACK
08:00:34.955,192.168.1.2,192.168.1.16,TCP,21901,993,1017,IMAPS,32,---
08:00:34.649,10.0.0.6,1.0.0.1,TCP,62552,8080,1283,HTTP-Alt,64,ACK
08:00:35.194,192.168.1.19,192.168.1.12,TCP,54226,587,1068,SMTP,32,SYN
08:00:35.091,192.168.1.2,192.168.1.19,TCP,57314,194,718,IRC,255,SYN
08:00:36.268,192.168.1.6,1.0.0.1,TCP,20628,21,609,FTP,128,ACK
08:00:36.258,192.168.1.15,192.168.1.12,UDP,44797,1194,1412,OpenVPN,255,---
08:00:36.590,10.0.0.6,172.217.14.206,TCP,43629,21,402,FTP,128,---
08:00:37.316,192.168.1.10,192.229.221.95,TCP,15651,22,190,SSH,64,ACK
08:00:37.380,192.168.1.14,192.168.1.19,UDP,8510,69,694,TFTP,255,---
08:00:38.389,192.168.1.2,104.244.42.65,TCP,19984,443,1145,HTTPS,32,RST
08:00:39.521,192.168.1.15,31.13.72.36,TCP,2850,21,428,FTP,255,---
08:00:39.325,10.0.0.7,13.107.42.14,TCP,64575,8080,1080,HTTP-Alt,32,PSH-ACK
08:00:40.506,192.168.1.11,8.8.8.8,TCP,15676,8080,261,HTTP-Alt,32,RST
08:00:40.046,192.168.1.17,192.168.1.12,UDP,28009,5000,908,Flask,255,---
08:00:41.978,10.0.0.8,172.217.14.206,TCP,7294,119,544,NNTP,128,PSH-ACK
08:00:41.650,192.168.1.2,151.101.1.140,TCP,45319,21,753,FTP,128,SYN
08:00:41.971,192.168.1.9,172.217.14.206,UDP,21772,123,56,NTP,32,---
08:00:41.393,192.168.1.7,8.8.8.8,TCP,38721,3306,1003,MySQL,64,PSH-ACK
08:00:41.724,192.168.1.2,31.13.72.36,UDP,58146,53,186,DNS,255,---
08:00:42.198,192.168.1.2,10.0.0.4,ICMP,0,0,52,ICMP-PING,32,---
08:00:42.057,10.0.0.9,151.101.1.140,UDP,9665,123,55,NTP,255,---
08:00:43.686,192.168.1.8,31.13.72.36,TCP,45604,22,369,SSH,64,---
08:00:43.404,192.168.1.9,172.217.14.206,TCP,55144,21,721,FTP,255,SYN-ACK
08:00:43.161,192.168.1.11,1.0.0.1,TCP,22037,21,745,FTP,255,PSH-ACK
08:00:44.617,10.0.0.4,216.58.214.46,TCP,38811,22,474,SSH,32,SYN
08:00:44.339,192.168.1.11,52.86.249.20,UDP,26100,53,113,DNS,64,---
08:00:45.508,192.168.1.5,192.168.1.14,TCP,50956,9200,1092,Elasticsearch,255,PSH-ACK
08:00:45.708,192.168.1.17,151.101.1.140,UDP,19083,53,82,DNS,64,---
08:00:46.512,192.168.1.16,8.8.4.4,TCP,13373,3306,991,MySQL,64,RST
08:00:46.922,10.0.0.1,8.8.8.8,UDP,20446,123,49,NTP,64,---
08:00:47.297,10.0.0.8,13.107.42.14,TCP,5869,25,1562,SMTP,128,SYN
08:00:47.858,192.168.1.5,151.101.1.140,TCP,64761,80,1234,HTTP,32,PSH-ACK
08:00:48.005,10.0.0.9,1.0.0.1,TCP,47923,22,800,SSH,64,---
08:00:49.742,192.168.1.15,10.0.0.5,TCP,57867,53,966,DNS,128,FIN
08:00:49.211,192.168.1.10,151.101.1.140,TCP,1838,22,250,SSH,255,---
08:00:50.540,192.168.1.8,216.58.214.46,TCP,7977,22,557,SSH,128,SYN
08:00:50.508,10.0.0.2,8.8.8.8,UDP,42199,53,94,DNS,32,---
08:00:50.893,10.0.0.8,10.0.0.4,TCP,23292,143,670,IMAP,32,FIN
08:00:51.472,192.168.1.4,52.86.249.20,TCP,43517,3389,1110,RDP,32,SYN-ACK
08:00:52.991,192.168.1.2,192.168.1.4,TCP,45262,110,1037,POP3,128,FIN
08:00:52.070,10.0.0.1,192.229.221.95,UDP,64422,32400,213,Plex,255,---
08:00:52.253,192.168.1.16,23.185.0.1,TCP,35651,123,1196,NTP,64,ACK
08:00:53.465,10.0.0.7,192.168.1.9,TCP,32942,515,533,LPD,255,---
08:00:53.665,10.0.0.3,172.217.14.206,UDP,20788,123,55,NTP,128,---
08:00:54.561,192.168.1.4,104.244.42.65,TCP,51098,21,915,FTP,32,PSH-ACK
08:00:54.247,192.168.1.2,140.82.112.4,TCP,53399,443,723,HTTPS,64,---
08:00:55.333,10.0.0.6,172.217.14.206,TCP,51978,22,743,SSH,32,SYN-ACK
08:00:55.998,10.0.0.1,140.82.112.4,TCP,39668,22,311,SSH,32,PSH-ACK
08:00:56.797,192.168.1.2,104.244.42.65,TCP,20667,21,284,FTP,128,---
08:00:56.636,10.0.0.8,192.168.1.18,TCP,40725,636,280,LDAPS,128,PSH-ACK
08:00:57.423,192.168.1.19,172.217.14.206,TCP,43085,21,562,FTP,128,SYN-ACK
08:00:57.270,192.168.1.8,192.229.221.95,UDP,31313,123,54,NTP,64,---
08:00:58.102,192.168.1.5,8.8.4.4,TCP,37648,25,516,SMTP,64,SYN-ACK
08:00:58.798,192.168.1.19,23.185.0.1,TCP,30299,3389,660,RDP,255,RST
08:00:59.912,192.168.1.5,8.8.4.4,TCP,14975,21,727,FTP,255,RST
08:00:59.707,192.168.1.6,23.185.0.1,TCP,37867,3306,969,MySQL,255,FIN
08:00:59.518,192.168.1.19,192.168.1.16,TCP,22558,3389,353,RDP,255,RST
08:00:59.938,192.168.1.16,10.0.0.8,TCP,54839,8080,125,HTTP-Alt,255,PSH-ACK
08:01:00.013,192.168.1.9,1.0.0.1,TCP,61175,3306,1619,MySQL,128,RST
08:01:00.598,192.168.1.15,192.168.1.3,UDP,41397,23,1223,TELNET,128,---
08:01:01.916,192.168.1.11,31.13.72.36,UDP,28269,123,65,NTP,128,---
08:01:01.400,192.168.1.14,151.101.1.140,TCP,29717,80,440,HTTP,64,---
08:01:02.699,192.168.1.13,8.8.8.8,TCP,12642,8888,342,Jupyter,128,PSH-ACK
08:01:02.966,192.168.1.17,185.60.216.35,TCP,48710,80,817,HTTP,128,PSH-ACK
08:01:03.501,192.168.1.16,1.0.0.1,TCP,43721,25,2000,SMTP,128,---
08:01:03.260,10.0.0.6,140.82.112.4,UDP,23000,123,55,NTP,128,---
08:01:04.906,10.0.0.1,185.60.216.35,TCP,33075,80,229,HTTP,32,RST
08:01:04.928,10.0.0.4,52.86.249.20,TCP,8385,69,1438,TFTP,255,SYN-ACK
08:01:04.541,192.168.1.6,216.58.214.46,TCP,8710,21,477,FTP,255,---
08:01:04.031,10.0.0.3,31.13.72.36,TCP,57984,3306,1007,MySQL,128,RST
08:01:04.356,192.168.1.16,8.8.4.4,TCP,11409,3389,1456,RDP,32,SYN-ACK
08:01:05.575,10.0.0.8,172.217.14.206,UDP,46252,123,67,NTP,255,---
08:01:06.467,192.168.1.9,13.107.42.14,TCP,25718,137,938,NetBIOS,255,PSH-ACK
08:01:06.055,192.168.1.12,104.244.42.65,TCP,17523,25,578,SMTP,32,PSH-ACK
08:01:07.884,10.0.0.3,10.0.0.5,TCP,12270,119,1444,NNTP,32,ACK
08:01:07.173,192.168.1.7,192.168.1.3,TCP,48750,6379,614,Redis,32,FIN
08:01:07.788,10.0.0.7,10.0.0.9,ICMP,0,0,76,ICMP-PING,255,---
08:01:08.282,192.168.1.19,216.58.214.46,TCP,21843,3389,532,RDP,128,RST
08:01:09.641,10.0.0.8,23.185.0.1,TCP,32781,3389,633,RDP,64,SYN-ACK
08:01:09.647,192.168.1.18,140.82.112.4,TCP,46603,194,379,IRC,255,ACK
08:01:10.699,192.168.1.15,31.13.72.36,TCP,41569,3306,1211,MySQL,64,PSH-ACK
08:01:10.367,192.168.1.18,13.107.42.14,TCP,61620,3389,681,RDP,32,ACK
08:01:11.047,10.0.0.9,10.0.0.6,UDP,61594,32400,1393,Plex,64,---
08:01:11.342,10.0.0.7,140.82.112.4,TCP,5435,3306,1594,MySQL,64,RST
08:01:11.935,192.168.1.11,1.0.0.1,TCP,63139,21,327,FTP,128,FIN
08:01:12.523,10.0.0.8,8.8.4.4,UDP,30254,53,156,DNS,32,---
08:01:12.788,192.168.1.6,8.8.4.4,TCP,3179,3389,873,RDP,32,PSH-ACK
08:01:12.924,192.168.1.7,8.8.8.8,TCP,14786,21,513,FTP,128,SYN
08:01:12.417,192.168.1.3,192.168.1.14,TCP,18913,69,142,TFTP,32,SYN
08:01:13.213,10.0.0.2,10.0.0.2,TCP,8313,80,166,HTTP,255,SYN-ACK
08:01:13.153,192.168.1.10,192.168.1.6,UDP,4893,587,880,SMTP,64,---
08:01:13.748,192.168.1.4,192.229.221.95,TCP,24639,3389,846,RDP,32,RST
08:01:14.297,192.168.1.18,192.168.1.3,TCP,54667,8888,313,Jupyter,64,---
08:01:14.093,192.168.1.15,1.1.1.1,TCP,65375,80,816,HTTP,128,---
08:01:14.858,192.168.1.10,10.0.0.2,TCP,36936,3389,116,RDP,255,---
08:01:15.983,10.0.0.5,192.168.1.17,UDP,1110,636,1187,LDAPS,32,---
08:01:15.548,192.168.1.12,192.229.221.95,TCP,22760,21,765,FTP,255,RST
08:01:15.803,10.0.0.2,192.168.1.17,UDP,50259,137,362,NetBIOS,64,---
08:01:15.441,192.168.1.8,192.168.1.17,TCP,33676,123,265,NTP,64,---
08:01:15.663,192.168.1.15,192.168.1.5,TCP,47677,138,463,NetBIOS,128,RST
08:01:16.412,10.0.0.8,10.0.0.1,TCP,60644,1723,486,PPTP,255,ACK
08:01:16.819,192.168.1.8,1.0.0.1,TCP,62018,25,2308,SMTP,128,PSH-ACK
08:01:16.002,10.0.0.1,151.101.1.140,TCP,25834,8080,448,HTTP-Alt,64,SYN
08:01:17.839,10.0.0.9,23.185.0.1,UDP,21506,53,164,DNS,128,---
08:01:17.518,192.168.1.10,8.8.4.4,TCP,60103,25,882,SMTP,32,SYN-ACK
08:01:18.325,192.168.1.6,52.86.249.20,TCP,17641,443,1367,HTTPS,255,FIN
08:01:18.889,10.0.0.4,185.60.216.35,TCP,10766,80,514,HTTP,255,FIN
08:01:19.210,10.0.0.1,31.13.72.36,UDP,51885,53,197,DNS,255,---
08:01:19.394,192.168.1.11,151.101.1.140,UDP,26902,123,58,NTP,128,---
08:01:20.314,192.168.1.13,192.229.221.95,TCP,10578,80,1210,HTTP,128,---
08:01:20.457,10.0.0.8,10.0.0.5,TCP,34125,80,360,HTTP,255,RST
08:01:20.831,192.168.1.5,216.58.214.46,UDP,16748,993,65,IMAPS,255,---
08:01:21.967,192.168.1.12,192.168.1.9,UDP,1437,3389,1280,RDP,32,---
08:01:22.827,192.168.1.2,8.8.4.4,TCP,18639,21,591,FTP,255,PSH-ACK
08:01:22.766,10.0.0.3,151.101.1.140,TCP,23040,3389,452,RDP,128,ACK
08:01:22.068,10.0.0.6,10.0.0.7,TCP,45563,5000,60,Flask,128,SYN-ACK
08:01:22.158,10.0.0.4,52.86.249.20,TCP,6371,443,460,HTTPS,32,RST
08:01:22.875,10.0.0.1,13.107.42.14,TCP,16383,80,841,HTTP,128,RST
08:01:23.017,192.168.1.4,1.0.0.1,TCP,9023,22,513,SSH,128,ACK
08:01:23.258,10.0.0.7,192.168.1.8,TCP,23624,3000,1302,Dev-Server,64,---
08:01:24.645,192.168.1.19,1.1.1.1,TCP,16129,8080,1071,HTTP-Alt,64,ACK
08:01:24.372,10.0.0.7,10.0.0.1,TCP,48617,3000,1373,Dev-Server,128,PSH-ACK
08:01:25.373,192.168.1.8,10.0.0.5,TCP,52076,161,312,SNMP,64,ACK
08:01:26.320,192.168.1.10,1.1.1.1,TCP,49032,3306,542,MySQL,128,FIN
08:01:26.683,192.168.1.11,185.60.216.35,TCP,65163,8080,325,HTTP-Alt,64,RST
08:01:26.830,10.0.0.9,52.86.249.20,TCP,54384,443,821,HTTPS,128,---
08:01:26.065,10.0.0.8,172.217.14.206,UDP,60759,443,444,HTTPS,32,---
08:01:27.739,192.168.1.15,216.58.214.46,TCP,28990,443,768,HTTPS,64,SYN-ACK
08:01:28.206,192.168.1.5,13.107.42.14,TCP,26836,3389,1318,RDP,255,---
08:01:28.200,192.168.1.18,10.0.0.2,TCP,49826,993,1366,IMAPS,64,SYN-ACK
08:01:29.112,192.168.1.19,192.229.221.95,TCP,18028,443,933,HTTPS,64,PSH-ACK
08:01:29.724,10.0.0.6,192.168.1.6,TCP,24369,1194,834,OpenVPN,64,RST
08:01:30.524,192.168.1.9,185.60.216.35,TCP,21230,3306,1919,MySQL,32,---
08:01:30.658,10.0.0.3,10.0.0.5,UDP,12767,161,1157,SNMP,255,---
08:01:30.516,192.168.1.11,23.185.0.1,TCP,22252,3306,633,MySQL,32,ACK
08:01:30.047,10.0.0.3,8.8.4.4,TCP,21274,587,150,SMTP,255,PSH-ACK
08:01:31.388,192.168.1.11,10.0.0.7,TCP,29660,515,129,LPD,64,SYN-ACK
08:01:31.148,192.168.1.10,192.229.221.95,UDP,32348,123,63,NTP,64,---
08:01:31.383,192.168.1.12,1.0.0.1,TCP,32861,22,1050,SSH,128,SYN
08:01:31.712,10.0.0.7,1.1.1.1,TCP,58298,3306,460,MySQL,64,SYN
08:01:32.391,192.168.1.4,192.168.1.6,ICMP,0,0,119,ICMP-PING,64,---
08:01:32.415,192.168.1.12,23.185.0.1,UDP,5769,21,1358,FTP,64,---
08:01:32.419,192.168.1.8,10.0.0.1,ICMP,0,0,106,ICMP-PING,128,---
08:01:33.845,192.168.1.7,151.101.1.140,TCP,5774,3389,879,RDP,255,SYN-ACK
08:01:34.015,10.0.0.6,216.58.214.46,TCP,56410,3389,1248,RDP,64,SYN-ACK
08:01:34.578,10.0.0.1,192.229.221.95,TCP,38895,3389,1177,RDP,255,SYN-ACK
08:01:35.434,10.0.0.4,10.0.0.4,TCP,43841,993,167,IMAPS,255,PSH-ACK
08:01:35.055,192.168.1.15,52.86.249.20,TCP,33139,25,1434,SMTP,32,---
08:01:36.364,192.168.1.11,1.1.1.1,UDP,62655,53,155,DNS,64,---
08:01:36.423,192.168.1.3,8.8.4.4,UDP,10919,53,126,DNS,64,---
08:01:37.784,10.0.0.2,10.0.0.2,UDP,42631,1521,1244,Oracle,32,---
08:01:37.449,192.168.1.15,1.0.0.1,TCP,12626,443,1128,HTTPS,64,FIN
08:01:37.487,192.168.1.5,8.8.8.8,TCP,32900,80,543,HTTP,64,ACK
08:01:38.232,192.168.1.16,52.86.249.20,ICMP,0,0,94,ICMP-PING,255,---
08:01:38.988,192.168.1.19,52.86.249.20,TCP,5418,993,129,IMAPS,64,SYN-ACK
08:01:39.676,192.168.1.18,192.229.221.95,UDP,24690,53,63,DNS,32,---
08:01:40.727,192.168.1.19,52.86.249.20,UDP,7724,123,56,NTP,128,---
08:01:40.046,10.0.0.7,31.13.72.36,TCP,4567,3389,1432,RDP,128,ACK
08:01:40.960,192.168.1.10,8.8.8.8,TCP,35680,80,1480,HTTP,32,PSH-ACK
08:01:40.329,192.168.1.19,31.13.72.36,TCP,40766,636,1211,LDAPS,128,---
08:01:41.103,192.168.1.3,172.217.14.206,TCP,34345,3306,1158,MySQL,128,SYN
08:01:41.942,192.168.1.10,140.82.112.4,TCP,2612,22,782,SSH,64,ACK
08:01:42.099,10.0.0.7,172.217.14.206,TCP,50227,3389,1333,RDP,64,SYN
08:01:42.054,192.168.1.19,140.82.112.4,TCP,27504,8080,972,HTTP-Alt,128,---
08:01:42.819,192.168.1.14,1.1.1.1,UDP,62142,123,68,NTP,32,---
08:01:42.849,192.168.1.11,172.217.14.206,TCP,10049,443,1115,HTTPS,128,---
08:01:43.441,192.168.1.14,192.229.221.95,TCP,46068,21,903,FTP,32,SYN
08:01:43.583,192.168.1.5,185.60.216.35,TCP,64169,3306,1121,MySQL,64,ACK
08:01:43.707,192.168.1.15,185.60.216.35,TCP,29879,3306,1158,MySQL,32,ACK
08:01:43.241,10.0.0.2,8.8.8.8,TCP,21667,8080,1328,HTTP-Alt,128,PSH-ACK
08:01:44.489,10.0.0.4,10.0.0.5,UDP,34535,5000,557,Flask,255,---
08:01:44.853,192.168.1.13,31.13.72.36,TCP,53980,443,401,HTTPS,32,SYN
08:01:44.553,192.168.1.11,192.168.1.6,TCP,28706,1521,323,Oracle,64,SYN
08:01:45.339,10.0.0.8,8.8.4.4,UDP,32430,53,165,DNS,64,---
08:01:45.763,192.168.1.11,192.168.1.18,TCP,21686,389,653,LDAP,128,SYN
08:01:46.181,192.168.1.16,140.82.112.4,TCP,34424,22,739,SSH,64,ACK
08:01:46.339,192.168.1.5,13.107.42.14,TCP,58367,22,522,SSH,64,PSH-ACK
08:01:46.193,192.168.1.3,104.244.42.65,TCP,48317,25,997,SMTP,32,SYN-ACK
08:01:47.987,192.168.1.3,23.185.0.1,TCP,38149,3306,1203,MySQL,32,SYN
08:01:47.922,192.168.1.16,8.8.4.4,TCP,40954,3389,816,RDP,32,RST
08:01:48.401,192.168.1.15,104.244.42.65,TCP,17884,3389,1289,RDP,32,RST
08:01:48.590,192.168.1.13,23.185.0.1,TCP,12549,21,382,FTP,32,FIN
08:01:49.402,192.168.1.9,185.60.216.35,TCP,44119,21,812,FTP,128,FIN
08:01:49.462,192.168.1.14,10.0.0.1,TCP,33234,137,698,NetBIOS,64,ACK
08:01:49.692,10.0.0.3,140.82.112.4,TCP,32029,22,702,SSH,32,RST
08:01:49.042,10.0.0.4,151.101.1.140,TCP,59623,22,437,SSH,64,FIN
08:01:50.713,192.168.1.10,23.185.0.1,UDP,11720,123,64,NTP,255,---
08:01:50.634,192.168.1.14,23.185.0.1,TCP,21417,8443,258,HTTPS-Alt,32,FIN
08:01:51.657,192.168.1.3,140.82.112.4,UDP,6864,69,980,TFTP,255,---
08:01:51.315,192.168.1.14,8.8.4.4,TCP,26014,80,303,HTTP,255,RST
08:01:52.001,192.168.1.13,104.244.42.65,TCP,40343,3389,1298,RDP,255,SYN-ACK
08:01:52.880,192.168.1.15,1.0.0.1,UDP,43848,27017,1439,MongoDB,32,---
08:01:52.281,192.168.1.15,172.217.14.206,TCP,28191,8080,985,HTTP-Alt,255,SYN-ACK
08:01:52.246,192.168.1.10,13.107.42.14,UDP,15236,53,171,DNS,64,---
08:01:52.586,10.0.0.7,192.168.1.3,TCP,33105,194,347,IRC,32,SYN-ACK
08:01:53.395,10.0.0.5,192.229.221.95,TCP,10947,8080,1255,HTTP-Alt,32,FIN
08:01:53.449,192.168.1.7,192.168.1.10,TCP,25299,1723,465,PPTP,128,RST
08:01:54.649,192.168.1.12,8.8.8.8,TCP,4466,8080,1261,HTTP-Alt,32,SYN-ACK
08:01:54.928,192.168.1.5,8.8.8.8,TCP,48038,6881,795,BitTorrent,128,RST
08:01:54.752,10.0.0.6,140.82.112.4,TCP,50426,587,1147,SMTP,255,FIN
08:01:55.400,192.168.1.14,8.8.8.8,TCP,3202,8080,562,HTTP-Alt,255,FIN
08:01:55.056,192.168.1.9,192.229.221.95,TCP,43142,21,574,FTP,32,PSH-ACK
08:01:55.570,10.0.0.3,10.0.0.2,TCP,29338,27017,1192,MongoDB,128,SYN-ACK
08:01:55.375,10.0.0.9,172.217.14.206,UDP,63870,53,166,DNS,64,---
08:01:56.712,192.168.1.8,192.168.1.14,TCP,2969,5432,1307,PostgreSQL,255,RST
08:01:57.264,192.168.1.7,31.13.72.36,TCP,36151,25,1021,SMTP,128,SYN
08:01:57.914,10.0.0.2,10.0.0.9,TCP,58211,27017,1085,MongoDB,128,ACK
08:01:58.087,192.168.1.2,52.86.249.20,TCP,48733,3306,627,MySQL,128,SYN
08:01:58.277,192.168.1.19,185.60.216.35,TCP,18776,3389,1354,RDP,128,SYN-ACK
08:01:58.839,192.168.1.16,192.168.1.6,TCP,32443,995,1305,POP3S,32,SYN
08:01:59.006,10.0.0.1,1.0.0.1,UDP,37610,53,108,DNS,64,---
08:01:59.333,10.0.0.9,192.229.221.95,TCP,56634,80,1160,HTTP,128,RST
08:01:59.472,192.168.1.18,104.244.42.65,UDP,35033,1521,858,Oracle,32,---
08:02:00.274,10.0.0.1,31.13.72.36,TCP,63855,22,272,SSH,32,SYN
08:02:00.002,192.168.1.8,104.244.42.65,TCP,42787,443,433,HTTPS,255,SYN-ACK
08:02:01.627,192.168.1.17,1.1.1.1,TCP,15784,443,315,HTTPS,64,FIN
08:02:01.406,192.168.1.8,192.168.1.17,UDP,34045,6379,1386,Redis,32,---
08:02:01.676,192.168.1.8,192.229.221.95,TCP,64142,443,868,HTTPS,32,PSH-ACK
08:02:01.928,192.168.1.3,192.229.221.95,TCP,25947,25,2053,SMTP,255,PSH-ACK
08:02:02.435,192.168.1.10,13.107.42.14,TCP,24058,80,614,HTTP,64,---
08:02:02.370,192.168.1.10,31.13.72.36,TCP,34184,25,581,SMTP,128,PSH-ACK
08:02:03.507,192.168.1.18,23.185.0.1,TCP,52765,80,492,HTTP,64,---
08:02:04.945,192.168.1.7,185.60.216.35,TCP,40576,8888,42,Jupyter,255,FIN
08:02:04.858,192.168.1.8,192.229.221.95,TCP,25047,3389,767,RDP,255,FIN
08:02:04.779,192.168.1.8,185.60.216.35,TCP,4102,8080,327,HTTP-Alt,32,PSH-ACK
08:02:04.114,192.168.1.8,13.107.42.14,TCP,52847,3389,1462,RDP,128,SYN
08:02:04.476,192.168.1.3,192.229.221.95,UDP,53274,53,63,DNS,64,---
08:02:05.169,192.168.1.3,185.60.216.35,TCP,40675,22,693,SSH,32,ACK
08:02:06.855,10.0.0.2,31.13.72.36,TCP,3437,69,1106,TFTP,128,ACK
08:02:06.348,10.0.0.8,52.86.249.20,TCP,34081,80,602,HTTP,32,ACK
08:02:06.811,192.168.1.19,216.58.214.46,TCP,45171,25,2724,SMTP,255,PSH-ACK
08:02:07.762,10.0.0.1,1.0.0.1,TCP,21188,443,1066,HTTPS,255,SYN
08:02:07.542,192.168.1.16,192.168.1.4,TCP,48617,389,1169,LDAP,128,FIN
08:02:08.499,192.168.1.17,104.244.42.65,TCP,53630,3306,1798,MySQL,64,RST
08:02:08.801,192.168.1.13,1.0.0.1,TCP,10547,22,211,SSH,255,SYN
08:02:08.317,10.0.0.9,10.0.0.3,TCP,3666,3389,580,RDP,64,PSH-ACK
08:02:09.894,192.168.1.15,172.217.14.206,UDP,43185,53,141,DNS,128,---
08:02:09.527,10.0.0.6,104.244.42.65,UDP,3902,53,141,DNS,128,---
08:02:10.678,10.0.0.1,23.185.0.1,UDP,8383,123,57,NTP,128,---
08:02:10.406,192.168.1.12,192.168.1.18,TCP,8039,67,854,DHCP,128,SYN-ACK
08:02:11.318,192.168.1.3,140.82.112.4,UDP,28291,53,179,DNS,64,---
08:02:11.691,192.168.1.4,52.86.249.20,TCP,29064,80,279,HTTP,128,FIN
08:02:11.257,10.0.0.1,1.0.0.1,TCP,58459,22,606,SSH,255,ACK
08:02:12.944,192.168.1.19,13.107.42.14,TCP,45425,443,1117,HTTPS,64,RST
08:02:12.889,192.168.1.4,8.8.4.4,UDP,9411,123,62,NTP,128,---
08:02:12.227,192.168.1.13,1.1.1.1,TCP,62127,22,335,SSH,128,ACK
08:02:13.373,192.168.1.6,192.229.221.95,TCP,58116,22,333,SSH,255,FIN
08:02:14.210,10.0.0.8,23.185.0.1,TCP,38348,21,829,FTP,64,PSH-ACK
08:02:14.140,192.168.1.9,151.101.1.140,UDP,53049,123,55,NTP,255,---
08:02:14.069,192.168.1.6,23.185.0.1,TCP,35430,27017,1148,MongoDB,255,FIN
08:02:15.248,192.168.1.5,216.58.214.46,TCP,31327,21,994,FTP,32,SYN-ACK
08:02:15.841,10.0.0.4,104.244.42.65,TCP,40997,21,471,FTP,64,FIN
08:02:15.466,192.168.1.17,216.58.214.46,TCP,51106,80,1269,HTTP,32,FIN
08:02:16.005,192.168.1.9,31.13.72.36,TCP,9680,8080,996,HTTP-Alt,64,ACK
08:02:16.768,10.0.0.8,192.168.1.6,TCP,17958,53,1299,DNS,255,PSH-ACK
08:02:17.993,10.0.0.9,216.58.214.46,TCP,27607,3306,737,MySQL,64,SYN
08:02:17.980,192.168.1.8,192.168.1.18,UDP,52937,80,322,HTTP,128,---
08:02:18.616,192.168.1.11,151.101.1.140,TCP,7011,22,693,SSH,255,FIN
08:02:18.157,10.0.0.8,8.8.4.4,UDP,58968,123,64,NTP,64,---
08:02:19.004,192.168.1.18,192.168.1.9,UDP,21828,6379,350,Redis,128,---
08:02:19.700,192.168.1.12,216.58.214.46,TCP,47208,119,301,NNTP,64,RST
08:02:19.653,192.168.1.8,1.0.0.1,UDP,3904,53,146,DNS,255,---
08:02:20.212,192.168.1.5,192.168.1.3,TCP,1308,1723,451,PPTP,32,SYN-ACK
08:02:20.458,10.0.0.7,23.185.0.1,TCP,35030,8080,446,HTTP-Alt,64,PSH-ACK
08:02:20.137,192.168.1.16,151.101.1.140,TCP,25770,3389,1147,RDP,32,---
08:02:20.834,192.168.1.2,52.86.249.20,TCP,15257,22,254,SSH,128,FIN
08:02:21.737,192.168.1.12,1.1.1.1,TCP,9879,80,1285,HTTP,32,SYN-ACK
08:02:21.305,192.168.1.7,1.0.0.1,TCP,38627,3306,979,MySQL,32,RST
08:02:21.072,192.168.1.11,140.82.112.4,TCP,48677,3306,749,MySQL,128,FIN
08:02:22.213,10.0.0.3,52.86.249.20,TCP,48560,3389,1212,RDP,128,RST
08:02:22.822,192.168.1.6,216.58.214.46,TCP,53625,21,973,FTP,32,PSH-ACK
08:02:22.023,192.168.1.10,1.0.0.1,TCP,29519,3306,1984,MySQL,255,FIN
08:02:22.568,10.0.0.4,10.0.0.3,TCP,47868,993,245,IMAPS,64,ACK
08:02:23.951,10.0.0.7,1.1.1.1,TCP,6947,3306,1206,MySQL,128,---
08:02:24.729,192.168.1.10,192.168.1.8,TCP,44715,25,206,SMTP,128,SYN
08:02:24.798,192.168.1.19,140.82.112.4,TCP,19943,3389,1369,RDP,128,---
08:02:24.070,10.0.0.9,192.229.221.95,TCP,41349,25,988,SMTP,64,---
08:02:24.597,10.0.0.4,31.13.72.36,TCP,8712,80,793,HTTP,64,PSH-ACK
08:02:25.467,192.168.1.13,104.244.42.65,TCP,22783,21,854,FTP,128,---
08:02:25.675,192.168.1.9,192.168.1.19,UDP,25615,3306,795,MySQL,255,---
08:02:25.104,192.168.1.10,172.217.14.206,TCP,56776,443,1140,HTTPS,64,ACK
08:02:26.034,192.168.1.15,192.168.1.5,TCP,60628,23,63,TELNET,128,SYN
08:02:27.240,192.168.1.5,8.8.4.4,UDP,1826,123,66,NTP,32,---
08:02:27.417,10.0.0.8,151.101.1.140,UDP,24127,5900,979,VNC,128,---
08:02:28.819,192.168.1.5,192.229.221.95,TCP,43297,8080,1147,HTTP-Alt,128,ACK
08:02:29.684,192.168.1.3,192.168.1.10,TCP,65490,9200,841,Elasticsearch,64,SYN-ACK
08:02:29.232,10.0.0.1,216.58.214.46,UDP,21033,67,432,DHCP,32,---
08:02:29.616,10.0.0.8,192.168.1.9,TCP,40760,995,334,POP3S,128,PSH-ACK
08:02:29.107,192.168.1.8,140.82.112.4,TCP,21831,22,156,SSH,255,PSH-ACK
08:02:30.448,192.168.1.10,23.185.0.1,TCP,4208,443,1245,HTTPS,255,PSH-ACK
08:02:30.653,192.168.1.18,216.58.214.46,UDP,55733,123,49,NTP,255,---
08:02:31.444,10.0.0.5,23.185.0.1,TCP,17169,443,442,HTTPS,64,PSH-ACK
08:02:31.933,192.168.1.18,8.8.8.8,TCP,11698,3306,765,MySQL,32,ACK
08:02:32.616,10.0.0.6,8.8.4.4,TCP,25736,3389,958,RDP,64,SYN-ACK
08:02:32.226,192.168.1.11,1.1.1.1,TCP,20856,21,361,FTP,32,SYN-ACK
08:02:32.694,192.168.1.18,31.13.72.36,TCP,60682,8080,1339,HTTP-Alt,255,---
08:02:32.366,192.168.1.2,1.1.1.1,TCP,63477,80,401,HTTP,32,---
08:02:33.764,10.0.0.7,185.60.216.35,TCP,31838,21,555,FTP,32,SYN-ACK
08:02:34.608,192.168.1.6,140.82.112.4,TCP,18410,22,488,SSH,128,SYN-ACK
08:02:34.327,192.168.1.11,8.8.8.8,TCP,6178,80,593,HTTP,128,---
08:02:35.951,10.0.0.1,31.13.72.36,TCP,46533,443,1162,HTTPS,255,ACK
08:02:35.658,10.0.0.3,8.8.8.8,TCP,32494,22,117,SSH,32,FIN
08:02:36.373,192.168.1.2,52.86.249.20,UDP,21368,53,58,DNS,255,---
08:02:36.834,192.168.1.5,192.168.1.7,TCP,26591,1521,1184,Oracle,128,RST
08:02:36.206,192.168.1.13,192.229.221.95,UDP,26736,123,61,NTP,32,---
08:02:37.227,10.0.0.5,8.8.4.4,TCP,44252,25,1409,SMTP,255,SYN
08:02:37.808,10.0.0.2,31.13.72.36,TCP,58862,25,1664,SMTP,255,---
08:02:38.240,192.168.1.19,192.229.221.95,TCP,40792,4444,397,Metasploit,128,FIN
08:02:38.991,10.0.0.1,1.1.1.1,TCP,63275,8080,231,HTTP-Alt,32,ACK
08:02:38.148,10.0.0.7,52.86.249.20,TCP,60719,995,689,POP3S,255,ACK
08:02:39.971,192.168.1.2,1.1.1.1,TCP,27004,3389,1112,RDP,32,FIN
08:02:39.816,10.0.0.9,1.0.0.1,TCP,57461,3306,1419,MySQL,255,SYN
08:02:39.766,192.168.1.15,192.229.221.95,TCP,9468,8080,564,HTTP-Alt,32,PSH-ACK
08:02:39.452,10.0.0.1,23.185.0.1,TCP,14662,8080,434,HTTP-Alt,255,SYN
08:02:39.646,192.168.1.9,216.58.214.46,TCP,1886,8080,290,HTTP-Alt,64,---
08:02:40.415,192.168.1.4,192.168.1.14,TCP,29271,8443,923,HTTPS-Alt,32,---
08:02:40.447,192.168.1.17,192.168.1.10,TCP,50846,5432,1404,PostgreSQL,255,PSH-ACK
08:02:41.411,192.168.1.10,1.1.1.1,TCP,45715,3306,1159,MySQL,64,FIN
08:02:41.315,192.168.1.16,140.82.112.4,UDP,35768,123,59,NTP,255,---
08:02:41.113,192.168.1.2,1.1.1.1,TCP,65223,25,2449,SMTP,64,SYN-ACK
08:02:42.343,192.168.1.18,216.58.214.46,UDP,55140,123,53,NTP,128,---
08:02:42.301,192.168.1.5,104.244.42.65,TCP,17622,3389,545,RDP,128,RST
08:02:43.399,192.168.1.18,8.8.8.8,TCP,47016,80,1250,HTTP,128,SYN-ACK
08:02:43.602,192.168.1.16,192.168.1.15,TCP,37848,3389,548,RDP,32,SYN
08:02:44.250,192.168.1.11,1.0.0.1,UDP,48181,995,1448,POP3S,128,---
08:02:45.278,10.0.0.1,216.58.214.46,TCP,10292,443,1269,HTTPS,255,FIN
08:02:45.506,10.0.0.8,192.229.221.95,TCP,63122,80,585,HTTP,128,---
08:02:45.642,192.168.1.18,216.58.214.46,TCP,56746,8080,298,HTTP-Alt,64,ACK
08:02:45.258,10.0.0.7,1.1.1.1,TCP,49453,21,367,FTP,128,---
08:02:46.028,192.168.1.9,151.101.1.140,TCP,51642,443,888,HTTPS,255,ACK
08:02:46.255,192.168.1.11,1.0.0.1,TCP,21301,3389,1089,RDP,128,SYN-ACK
08:02:47.806,10.0.0.6,140.82.112.4,TCP,29441,139,266,NetBIOS,255,SYN-ACK
08:02:47.448,192.168.1.17,185.60.216.35,TCP,54177,3389,595,RDP,32,ACK
08:02:47.081,192.168.1.10,52.86.249.20,TCP,38316,443,834,HTTPS,64,FIN
08:02:48.170,192.168.1.15,104.244.42.65,TCP,42609,1723,384,PPTP,255,PSH-ACK
08:02:49.434,10.0.0.2,192.229.221.95,TCP,50951,3389,1357,RDP,128,PSH-ACK
08:02:49.477,192.168.1.10,192.168.1.9,TCP,47784,514,59,SYSLOG,255,PSH-ACK
08:02:49.161,192.168.1.9,185.60.216.35,TCP,7016,80,337,HTTP,32,---
08:02:49.146,192.168.1.3,31.13.72.36,TCP,12165,8888,832,Jupyter,128,SYN-ACK
08:02:50.155,10.0.0.4,104.244.42.65,TCP,48122,8080,1223,HTTP-Alt,64,SYN-ACK
08:02:50.882,192.168.1.7,1.1.1.1,TCP,50900,138,833,NetBIOS,64,RST
08:02:50.389,192.168.1.13,31.13.72.36,TCP,32864,80,431,HTTP,128,SYN
08:02:51.881,192.168.1.4,140.82.112.4,UDP,60612,53,153,DNS,64,---
08:02:51.724,192.168.1.10,104.244.42.65,UDP,28839,123,54,NTP,32,---
08:02:51.439,10.0.0.9,1.1.1.1,UDP,9075,53,136,DNS,128,---
08:02:52.045,10.0.0.1,192.229.221.95,TCP,2706,80,239,HTTP,255,SYN-ACK
08:02:52.099,192.168.1.13,52.86.249.20,TCP,56779,110,468,POP3,32,FIN
08:02:52.024,192.168.1.4,185.60.216.35,TCP,38595,8080,241,HTTP-Alt,255,PSH-ACK
08:02:53.469,192.168.1.3,52.86.249.20,TCP,16321,8080,984,HTTP-Alt,128,FIN
08:02:53.503,10.0.0.6,10.0.0.6,UDP,2567,1521,451,Oracle,32,---
08:02:54.000,10.0.0.8,10.0.0.8,TCP,11542,32400,1422,Plex,128,SYN
08:02:54.554,10.0.0.2,23.185.0.1,TCP,37428,8080,425,HTTP-Alt,32,ACK
08:02:54.786,192.168.1.12,8.8.4.4,TCP,10955,80,1183,HTTP,64,ACK
08:02:54.026,10.0.0.9,151.101.1.140,TCP,55261,3389,736,RDP,32,SYN
08:02:55.316,192.168.1.11,1.1.1.1,TCP,62726,25,1602,SMTP,255,FIN
08:02:55.337,192.168.1.6,52.86.249.20,TCP,42624,3389,470,RDP,255,PSH-ACK
08:02:55.934,192.168.1.16,192.168.1.5,TCP,8588,8443,288,HTTPS-Alt,64,FIN
08:02:55.292,192.168.1.16,172.217.14.206,TCP,43260,22,311,SSH,64,SYN-ACK
08:02:56.717,192.168.1.4,192.229.221.95,UDP,33748,123,51,NTP,32,---
08:02:57.753,192.168.1.4,23.185.0.1,TCP,28507,3306,1107,MySQL,128,---
08:02:57.334,192.168.1.16,151.101.1.140,TCP,50760,3389,401,RDP,255,SYN-ACK
08:02:57.852,192.168.1.4,8.8.8.8,TCP,32656,1194,461,OpenVPN,32,ACK
08:02:57.334,192.168.1.2,8.8.4.4,ICMP,0,0,69,ICMP-PING,64,---
08:02:58.635,192.168.1.8,185.60.216.35,TCP,56423,22,199,SSH,255,RST
08:02:58.419,10.0.0.1,10.0.0.3,TCP,17478,8443,904,HTTPS-Alt,64,PSH-ACK
08:02:59.144,10.0.0.1,192.168.1.8,TCP,21096,53,481,DNS,128,RST
08:02:59.898,192.168.1.17,52.86.249.20,TCP,33494,443,399,HTTPS,255,PSH-ACK
08:02:59.175,192.168.1.13,52.86.249.20,TCP,60376,21,240,FTP,255,RST
08:02:59.983,192.168.1.2,151.101.1.140,TCP,37767,22,539,SSH,64,ACK
08:03:00.197,10.0.0.3,31.13.72.36,TCP,18627,3306,1491,MySQL,128,SYN
08:03:00.986,10.0.0.9,10.0.0.2,TCP,23913,32400,204,Plex,255,RST
08:03:00.208,192.168.1.12,192.168.1.10,TCP,11871,5000,657,Flask,64,PSH-ACK
08:03:00.610,192.168.1.13,8.8.4.4,TCP,15201,3306,767,MySQL,64,---
08:03:01.737,192.168.1.12,216.58.214.46,TCP,49167,8080,1045,HTTP-Alt,64,---
08:03:01.473,10.0.0.2,52.86.249.20,UDP,59507,123,61,NTP,128,---
08:03:02.023,192.168.1.2,192.168.1.11,UDP,49792,1433,776,MSSQL,32,---
08:03:02.285,192.168.1.4,192.168.1.18,TCP,46421,465,929,SMTPS,64,SYN
08:03:03.524,192.168.1.15,1.1.1.1,TCP,28071,443,1379,HTTPS,64,RST
08:03:03.878,192.168.1.12,192.229.221.95,TCP,38670,138,1210,NetBIOS,64,RST
08:03:04.386,192.168.1.13,31.13.72.36,TCP,46034,25,1887,SMTP,255,SYN-ACK
08:03:04.597,10.0.0.4,185.60.216.35,TCP,37075,21,745,FTP,128,ACK
08:03:05.026,192.168.1.15,1.0.0.1,TCP,51961,80,598,HTTP,32,SYN-ACK
08:03:05.964,192.168.1.6,192.168.1.11,UDP,19068,137,507,NetBIOS,128,---
08:03:06.715,192.168.1.10,104.244.42.65,TCP,53194,80,609,HTTP,64,SYN-ACK
08:03:07.262,192.168.1.2,151.101.1.140,UDP,57358,123,52,NTP,32,---
08:03:07.516,192.168.1.2,192.168.1.17,TCP,17416,5900,123,VNC,32,ACK
08:03:07.298,10.0.0.4,10.0.0.1,TCP,24555,68,413,DHCP,255,ACK
08:03:08.582,10.0.0.2,192.168.1.14,TCP,7973,67,422,DHCP,255,FIN
08:03:09.836,10.0.0.6,216.58.214.46,TCP,14811,80,202,HTTP,128,ACK
08:03:09.778,10.0.0.3,8.8.8.8,TCP,10069,80,439,HTTP,32,PSH-ACK
08:03:10.088,192.168.1.3,140.82.112.4,UDP,32361,123,54,NTP,128,---
08:03:10.630,10.0.0.3,151.101.1.140,TCP,41323,1194,1228,OpenVPN,32,ACK
08:03:10.378,192.168.1.16,8.8.4.4,UDP,23896,123,52,NTP,64,---
08:03:11.628,10.0.0.3,31.13.72.36,TCP,33013,25,883,SMTP,32,ACK
08:03:11.339,192.168.1.8,192.229.221.95,UDP,53067,123,60,NTP,32,---
08:03:12.634,192.168.1.17,23.185.0.1,UDP,29485,53,56,DNS,255,---
08:03:12.154,192.168.1.19,216.58.214.46,ICMP,0,0,51,ICMP-PING,64,---
08:03:12.164,192.168.1.19,192.168.1.15,TCP,42222,445,731,SMB,255,SYN-ACK
08:03:12.300,192.168.1.10,1.0.0.1,TCP,55329,3389,1330,RDP,64,---
08:03:13.961,10.0.0.9,185.60.216.35,TCP,51010,25,1626,SMTP,32,FIN
08:03:13.428,10.0.0.2,185.60.216.35,UDP,43456,53,136,DNS,255,---
08:03:13.864,192.168.1.11,192.168.1.12,TCP,34522,53,1226,DNS,64,FIN
08:03:14.805,192.168.1.10,192.168.1.10,TCP,54575,110,1242,POP3,64,SYN-ACK
08:03:14.967,192.168.1.7,13.107.42.14,TCP,64873,3306,220,MySQL,32,SYN
08:03:15.149,192.168.1.8,13.107.42.14,TCP,4337,21,314,FTP,64,FIN
08:03:15.027,192.168.1.17,151.101.1.140,UDP,7475,53,83,DNS,64,---
08:03:15.479,192.168.1.12,52.86.249.20,TCP,10866,139,990,NetBIOS,32,---
08:03:15.899,192.168.1.19,23.185.0.1,TCP,21491,22,504,SSH,32,FIN
08:03:16.801,10.0.0.5,151.101.1.140,TCP,49885,443,1416,HTTPS,128,RST
08:03:16.004,192.168.1.10,192.168.1.16,TCP,15147,25,80,SMTP,64,---
08:03:16.711,192.168.1.11,10.0.0.2,UDP,61662,25,300,SMTP,32,---
08:03:17.251,10.0.0.7,52.86.249.20,TCP,34814,80,838,HTTP,64,RST
08:03:17.062,10.0.0.1,1.0.0.1,TCP,15036,25,745,SMTP,128,SYN
08:03:17.933,192.168.1.5,172.217.14.206,UDP,10349,53,128,DNS,64,---
08:03:18.090,192.168.1.10,31.13.72.36,UDP,46992,53,158,DNS,32,---
08:03:19.124,10.0.0.4,172.217.14.206,TCP,61085,80,494,HTTP,64,ACK
08:03:19.513,192.168.1.15,172.217.14.206,TCP,47804,9200,75,Elasticsearch,128,SYN-ACK
08:03:19.720,192.168.1.17,140.82.112.4,TCP,38170,22,447,SSH,128,FIN
08:03:20.108,192.168.1.19,192.168.1.5,TCP,19622,587,285,SMTP,64,PSH-ACK
08:03:21.330,192.168.1.7,8.8.8.8,TCP,28918,3306,1093,MySQL,64,ACK
08:03:21.020,192.168.1.14,192.168.1.17,ICMP,0,0,34,ICMP-PING,64,---
08:03:21.265,192.168.1.4,192.168.1.3,TCP,12958,5432,582,PostgreSQL,64,FIN
08:03:22.101,192.168.1.15,10.0.0.5,TCP,1622,161,443,SNMP,64,SYN-ACK
08:03:22.125,192.168.1.8,192.168.1.4,UDP,54864,4444,1007,Metasploit,255,---
08:03:23.226,10.0.0.3,8.8.4.4,UDP,16530,123,56,NTP,128,---
08:03:23.716,192.168.1.13,192.168.1.5,TCP,50275,3389,265,RDP,32,---
08:03:24.902,10.0.0.2,192.168.1.3,TCP,4672,69,811,TFTP,255,---
08:03:24.720,192.168.1.7,151.101.1.140,TCP,20119,22,723,SSH,128,---
08:03:24.646,192.168.1.19,1.0.0.1,UDP,64881,53,145,DNS,64,---
08:03:25.658,192.168.1.18,192.168.1.4,UDP,56770,135,40,RPC,128,---
08:03:25.188,10.0.0.2,52.86.249.20,TCP,45103,8080,598,HTTP-Alt,255,---
08:03:26.751,10.0.0.7,151.101.1.140,TCP,28389,22,665,SSH,255,RST
08:03:27.682,192.168.1.6,192.168.1.3,TCP,30022,443,125,HTTPS,128,FIN
08:03:27.155,10.0.0.6,216.58.214.46,TCP,42760,443,675,HTTPS,255,SYN
08:03:28.958,10.0.0.4,104.244.42.65,TCP,28390,22,560,SSH,255,ACK
08:03:28.230,192.168.1.6,8.8.4.4,UDP,41357,53,83,DNS,128,---
08:03:29.100,10.0.0.9,52.86.249.20,TCP,36379,21,858,FTP,64,SYN
08:03:29.231,192.168.1.6,52.86.249.20,UDP,38342,123,48,NTP,128,---
08:03:30.389,192.168.1.9,1.1.1.1,TCP,12474,80,1135,HTTP,32,SYN
08:03:30.845,192.168.1.15,23.185.0.1,TCP,18179,3389,1496,RDP,128,---
08:03:30.533,10.0.0.7,151.101.1.140,TCP,33533,3306,1184,MySQL,32,ACK
08:03:31.222,192.168.1.16,23.185.0.1,UDP,20772,123,68,NTP,255,---
08:03:31.436,192.168.1.18,216.58.214.46,UDP,15881,22,749,SSH,255,---
08:03:32.915,192.168.1.16,104.244.42.65,TCP,44369,80,643,HTTP,32,FIN
08:03:32.873,10.0.0.7,13.107.42.14,TCP,56830,3389,889,RDP,128,SYN-ACK
08:03:33.768,10.0.0.6,172.217.14.206,TCP,24842,443,707,HTTPS,64,FIN
08:03:33.978,192.168.1.9,192.168.1.6,TCP,30509,23,256,TELNET,255,FIN
08:03:33.555,192.168.1.11,140.82.112.4,UDP,42203,143,1498,IMAP,64,---
08:03:33.174,10.0.0.5,52.86.249.20,TCP,53090,3306,927,MySQL,128,PSH-ACK
08:03:34.203,192.168.1.15,1.1.1.1,TCP,45054,80,364,HTTP,32,PSH-ACK
08:03:34.816,192.168.1.18,8.8.4.4,TCP,56725,443,517,HTTPS,128,SYN-ACK
08:03:35.297,10.0.0.2,8.8.4.4,TCP,32100,22,122,SSH,128,SYN-ACK
08:03:35.001,192.168.1.5,192.168.1.7,TCP,32595,110,515,POP3,128,---
08:03:36.905,10.0.0.2,52.86.249.20,TCP,31502,3389,1056,RDP,128,RST
08:03:36.055,192.168.1.6,192.168.1.4,TCP,37418,161,340,SNMP,255,ACK
08:03:36.803,192.168.1.11,23.185.0.1,ICMP,0,0,63,ICMP-PING,64,---
08:03:36.784,192.168.1.10,31.13.72.36,TCP,29109,22,497,SSH,128,RST
08:03:37.603,192.168.1.5,31.13.72.36,TCP,2533,53,948,DNS,32,SYN-ACK
08:03:37.119,10.0.0.1,140.82.112.4,TCP,63338,443,1299,HTTPS,32,ACK
08:03:37.628,192.168.1.16,52.86.249.20,TCP,14130,80,1380,HTTP,128,SYN-ACK
08:03:38.898,192.168.1.18,185.60.216.35,TCP,13162,80,1076,HTTP,128,ACK
08:03:38.960,192.168.1.4,8.8.8.8,TCP,17947,8080,643,HTTP-Alt,64,SYN
08:03:39.913,192.168.1.14,192.168.1.9,ICMP,0,0,51,ICMP-PING,128,---
08:03:39.953,10.0.0.4,8.8.8.8,TCP,9783,3389,993,RDP,128,SYN-ACK
08:03:40.597,192.168.1.13,1.0.0.1,TCP,22880,22,514,SSH,32,SYN-ACK
08:03:40.652,192.168.1.15,172.217.14.206,UDP,1240,123,58,NTP,32,---
08:03:40.791,10.0.0.8,8.8.4.4,TCP,27180,445,1144,SMB,255,SYN
08:03:41.789,192.168.1.10,52.86.249.20,UDP,7079,123,66,NTP,64,---
08:03:41.472,192.168.1.5,104.244.42.65,TCP,21439,3389,1262,RDP,255,ACK
08:03:42.526,10.0.0.6,8.8.8.8,UDP,42350,123,59,NTP,32,---
08:03:43.292,192.168.1.9,10.0.0.9,TCP,51081,110,436,POP3,128,SYN-ACK
08:03:43.447,192.168.1.8,8.8.4.4,TCP,58601,22,258,SSH,32,ACK
08:03:43.280,192.168.1.19,151.101.1.140,TCP,2144,22,547,SSH,128,RST
08:03:43.958,192.168.1.4,192.168.1.3,UDP,9394,23,1477,TELNET,255,---
08:03:44.672,10.0.0.5,140.82.112.4,TCP,54353,3389,566,RDP,128,ACK
08:03:45.190,192.168.1.11,23.185.0.1,TCP,55017,3389,915,RDP,255,ACK
08:03:45.067,192.168.1.5,140.82.112.4,TCP,41324,22,694,SSH,128,FIN
08:03:46.567,10.0.0.6,1.1.1.1,TCP,33980,3306,335,MySQL,32,SYN
08:03:46.214,192.168.1.10,192.229.221.95,UDP,64515,53,117,DNS,64,---
08:03:47.996,192.168.1.4,52.86.249.20,TCP,10560,443,841,HTTPS,128,SYN-ACK
08:03:47.061,192.168.1.12,151.101.1.140,TCP,3135,3389,894,RDP,32,ACK
08:03:48.444,192.168.1.16,31.13.72.36,UDP,13938,123,53,NTP,32,---
08:03:48.211,192.168.1.16,104.244.42.65,TCP,47343,32400,766,Plex,64,ACK
08:03:48.291,192.168.1.3,13.107.42.14,TCP,60011,8080,910,HTTP-Alt,32,---
08:03:49.302,192.168.1.9,1.0.0.1,TCP,56839,21,640,FTP,255,PSH-ACK
08:03:49.302,192.168.1.18,8.8.8.8,ICMP,0,0,45,ICMP-PING,64,---
08:03:49.210,10.0.0.7,192.168.1.5,TCP,13952,67,799,DHCP,255,FIN
08:03:50.077,192.168.1.13,23.185.0.1,TCP,17766,3389,465,RDP,255,---
08:03:51.964,192.168.1.13,192.229.221.95,TCP,8377,25,2674,SMTP,32,FIN
08:03:51.828,192.168.1.7,8.8.4.4,TCP,3755,8080,980,HTTP-Alt,255,FIN
08:03:51.578,192.168.1.17,104.244.42.65,TCP,18807,22,401,SSH,255,FIN
08:03:51.123,10.0.0.3,10.0.0.7,TCP,40970,1194,177,OpenVPN,255,PSH-ACK
08:03:52.047,10.0.0.9,8.8.8.8,TCP,47418,25,819,SMTP,32,FIN
08:03:52.303,10.0.0.7,31.13.72.36,TCP,29205,25,2808,SMTP,255,SYN-ACK
08:03:52.500,192.168.1.14,172.217.14.206,TCP,24983,80,828,HTTP,255,RST
08:03:53.340,192.168.1.14,104.244.42.65,TCP,26230,80,666,HTTP,32,PSH-ACK
08:03:53.963,192.168.1.7,23.185.0.1,TCP,39351,21,389,FTP,128,ACK
08:03:54.914,192.168.1.9,10.0.0.8,UDP,50385,995,365,POP3S,255,---
08:03:55.522,192.168.1.13,31.13.72.36,TCP,38179,389,630,LDAP,32,RST
08:03:55.543,192.168.1.14,8.8.8.8,TCP,2681,3389,960,RDP,32,SYN
08:03:55.937,192.168.1.14,192.168.1.18,TCP,64544,515,1367,LPD,128,PSH-ACK
08:03:55.758,192.168.1.6,172.217.14.206,UDP,30604,53,111,DNS,255,---
08:03:56.228,10.0.0.9,216.58.214.46,TCP,28097,8080,1019,HTTP-Alt,255,RST
08:03:57.508,192.168.1.17,192.168.1.11,TCP,29817,27017,400,MongoDB,255,---
08:03:57.855,10.0.0.6,216.58.214.46,UDP,3272,123,65,NTP,128,---
08:03:57.880,192.168.1.13,1.1.1.1,TCP,39646,8080,1155,HTTP-Alt,32,FIN
08:03:57.500,10.0.0.8,8.8.4.4,TCP,18784,3306,857,MySQL,64,SYN-ACK
08:03:57.203,192.168.1.18,1.1.1.1,TCP,15933,3306,809,MySQL,64,SYN-ACK
08:03:58.031,192.168.1.19,192.168.1.14,ICMP,0,0,72,ICMP-PING,32,---
